DKI Jakarta,BDI JAKARTA MENARA BANK DANAMON
DKI Jakarta,JAKARTA-CYBER 2
DKI Jakarta,JAKARTA-PALMERAH
DKI Jakarta,BDI JAKARTA KALIBATA
DKI Jakarta,JAKARTA-PASAR MINGGU
DKI Jakarta,JAKARTA-WARUNG BUNCIT
DKI Jakarta,JAKARTA-BIDAKARA
DKI Jakarta,JAKARTA-RADIO DALAM
DKI Jakarta,JAKARTA-AMPERA RAYA
DKI Jakarta,JAKARTA-PONDOK INDAH
DKI Jakarta,JAKARTA-PONDOK INDAH MALL II
DKI Jakarta,JAKARTA-CINERE
DKI Jakarta,JAKARTA-CIPULIR
DKI Jakarta,JAKARTA-BURSA EFEK JAKARTA
DKI Jakarta,BDI DURI SUDIRMAN
DKI Jakarta,JAKARTA-WISMA BNI 46
DKI Jakarta,JAKARTA-BENDUNGAN HILIR
DKI Jakarta,JAKARTA-TANAH ABANG
DKI Jakarta,BDI JAKARTA TANAH ABANG BLOK A
DKI Jakarta,JAKARTA-ABDUL MUIS 1
DKI Jakarta,JAKARTA-CIKINI
DKI Jakarta,JAKARTA-HASYIM ASHARI
DKI Jakarta,BDI Wahid Hasyim Jakarta
DKI Jakarta,JAKARTA-SABANG
DKI Jakarta,BDI JAKARTA RUKO ATRIUM SENEN
DKI Jakarta,BDI JAKARTA PASAR BARU
DKI Jakarta,JAKARTA-ITC ROXY MAS 2
DKI Jakarta,JAKARTA-MANGGA 2 ORION
DKI Jakarta,JAKARTA-MANGGA BESAR
DKI Jakarta,JAKARTA-CEMPAKA PUTIH 1
DKI Jakarta,JAKARTA-GRAHA ITC CEMPAKA MAS
DKI Jakarta,JAKARTA-PECENONGAN
DKI Jakarta,JAKARTA-SAMANHUDI
DKI Jakarta,JAKARTA-ARTOMORO
DKI Jakarta,JAKARTA-JAYAKARTA
DKI Jakarta,JAKARTA-PLAZA KENARI MAS
DKI Jakarta,BDI JAKARTA AGUS SALIM
DKI Jakarta,BDI JAKARTA DAAN MOGOT
DKI Jakarta,JAKARTA-KK MAL TAMAN ANGGREK
DKI Jakarta,JAKARTA-CENTRAL PARK 2
DKI Jakarta,JAKARTA-GROGOL
DKI Jakarta,JAKARTA-TANJUNG DUREN
DKI Jakarta,JAKARTA-JELAMBAR BARU
DKI Jakarta,JAKARTA-TELEPON KOTA
DKI Jakarta,JAKARTA-TAMAN SARI
DKI Jakarta,BDI JAKARTA TAMAN PALEM LESTARI
DKI Jakarta,JAKARTA-TAMAN DUTA MAS
DKI Jakarta,JAKARTA-JEMBATAN LIMA
DKI Jakarta,BDI JAKARTA WIRYOPRANOTO
DKI Jakarta,JAKARTA-PERNIAGAAN TIMUR
DKI Jakarta,BDI JAKARTA GREEN GARDEN
DKI Jakarta,BDI JAKARTA CITRA GARDEN II
DKI Jakarta,BDI JAKARTA PURI INDAH
DKI Jakarta,BDI JAKARTA PURI KENCANA IC
DKI Jakarta,JAKARTA-LTC
DKI Jakarta,JAKARTA-SUNTER
DKI Jakarta,JAKARTA-KELAPA GADING 1
DKI Jakarta,JAKARTA-KELAPA GADING SQUARE
DKI Jakarta,JAKARTA-PERMATA HIJAU
DKI Jakarta,JAKARTA-PADEMANGAN 4
DKI Jakarta,JAKARTA-RUKO PURI DELTA MAS
DKI Jakarta,JAKARTA-MANGGA DUA CABANG
DKI Jakarta,JAKARTA-ENGGANO
DKI Jakarta,JAKARTA-ARTHA GADING
DKI Jakarta,JAKARTA-CBD PLUIT
DKI Jakarta,JAKARTA-PLUIT KENCANA
DKI Jakarta,JAKARTA-PANTAI INDAH KAPUK
DKI Jakarta,JAKARTA-PANTAI INDAH KAPUK 2
DKI Jakarta,JAKARTA-MATRAMAN 1
DKI Jakarta,JAKARTA-JATINEGARA
DKI Jakarta,JAKARTA-USMAN HARUN 1
DKI Jakarta,JAKARTA-PONDOK BAMBU
DKI Jakarta,JAKARTA-KK CIBUBUR TIME SQUARE
West Java,BDI BANDUNG ASIA AFRIKA
West Java,BDI BANDUNG JUANDA
West Java,BDI BANDUNG A. YANI
West Java,BDI BANDUNG TAMAN KOPO INDAH II
West Java,BDI BANDUNG SETIA BUDI
West Java,BDI BANDUNG MERDEKA
West Java,BDI BANDUNG PAJAJARAN
West Java,BDI BANDUNG RIAU
West Java,BDI BANDUNG Soreang
West Java,BDI BANDUNG PUNGKUR
West Java,BDI BANDUNG KOPO
West Java,BDI BANDUNG BUAH BATU
West Java,BDI Gatot Subroto Bandung
West Java,BDI Sudirman Bandung
West Java,BDI Kopo Sayati Bandung
West Java,BOGOR TAJUR RAYA
West Java,BOGOR WARUNG JAMBU
West Java,BOGOR JUANDA
West Java,BOGOR - KOTA WISATA CIBUBUR
West Java,BEKASI JUANDA
West Java,BEKASI TAMAN GALAXY RAYA
West Java,BEKASI HARAPAN INDAH
West Java,BEKASI CIKARANG UKK
West Java,BDI BEKASI LIPPO CIKARANG
West Java,BDI BEKASI - KALIMALANG COMMERCIAL CENTER
West Java,BDI BEKASI METROP.MALL
West Java,DEPOK MARGONDA
West Java,BDI CIMAHI CIBABAT
West Java,BDI CIANJUR COKROAMINOTO
West Java,CIKAMPEK AHMAD YANI 2 - B
West Java,BDI KUNINGAN SILIWANGI
West Java,BDI SUKABUMI A.YANI
West Java,BDI GARUT CILEDUG
West Java,BDI TASIKMALAYA YUDA NEGARA
West Java,BDI PURWAKARTA MARTADINATA
Central Java,BDI SEMARANG SETIABUDI
Central Java,BDI SEMARANG PEMUDA
Central Java,BDI SEMARANG MT. HARYONO
Central Java,BDI SOLO URIP SUMOHARJO
Central Java,BDI MAGELANG PEMUDA
Central Java,BDI KLATEN PEMUDA
Central Java,BDI KEBUMEN KUSUMA
Central Java,BDI SRAGEN SUKOWATI
Central Java,BDI JEPARA PATIMURA IC
Central Java,BDI REMBANG KARTINI IC
Central Java,BDI PATI PEMUDA IC
Central Java,BDI KUDUS A. YANI
Central Java,BDI BLORA GATOT SUBROTO
Central Java,BDI PEKALONGAN H. WURUK
Central Java,BDI PURBALINGGA SUDIRMAN
Central Java,BDI PURWOKERTO SUDIRMAN
Central Java,BDI PURWODADI R. SUPRAPTO IC
Central Java,BDI SALATIGA SUDIRMAN
Central Java,BDI GOMBONG YOS SUDARSO
Central Java,BDI CILACAP SUDIRMAN
Central Java,BDI KENDAL RAYA
Central Java,BDI WONOSOBO SUMBING
East Java,BDI SURABAYA GUBERNUR SURYO
East Java,BDI PGB SURABAYA PANGLIMA SUDIRMAN
East Java,BDI SURABAYA DHARMAHUSADA
East Java,BDI SURABAYA HR MUHAMMAD
East Java,BDI SURABAYA DARMO
East Java,BDI SURABAYA RAJAWALI
East Java,BDI SURABAYA KERTAJAYA IC
East Java,BDI SURABAYA COKLAT
East Java,BDI SURABAYA PASAR TURI
East Java,BDI SURABAYA PUCANG ANOM
East Java,BDI SURABAYA KAPAS KRAMPUNG
East Java,BDI SURABAYA JEMUR ANDAYANI
East Java,BDI SURABAYA MULYOSARI
East Java,BDI SURABAYA MARGOMULYO
East Java,BDI SURABAYA KEDUNGDORO 2
East Java,BDI SURABAYA KLAMPIS
East Java,BDI SURABAYA NGAGEL
East Java,BDI SURABAYA MARGOREJO INDAH
East Java,BDI SURABAYA KEMBANG JEPUN
East Java,BDI GRESIK KARTINI
East Java,BDI SIDOARJO A YANI
East Java,BDI MOJOKERTO SUDIRMAN
East Java,BDI PASURUAN PS BESAR
East Java,BDI PASURUAN PANDAAN
East Java,BDI MALANG KAWI
East Java,BDI KEDIRI BRAWIJAYA
East Java,BDI BLITAR MERDEKA
East Java,BDI TULUNGAGUNG KASIHIN
East Java,BDI BANYUWANGI A.YANI
East Java,BDI JOMBANG KH HASYIM
East Java,BDI BOJONEGORO SUROPATI
East Java,BDI MADIUN COKROAMINOTO
East Java,BDI PONOROGO GAJAH MADA
East Java,BDI JEMBER GAJAH MADA